Year,Tm,W,L,T,Div. Finish,Playoffs,PF,PA,PD,Off Pts Rank,Off Yds Rank,Def Pts Rank,Def Yds Rank,T/G,Pts_diff,Yds_diff,MoV,SoS,SRS,OSRS,DSRS
2021,ARI,11,6,0,2nd of 4,Lost WC,449,366,83,11,8,11,11,4,9,5,4.9,0.3,5.2,3.6,1.6
2020,ARI,8,8,0,3rd of 4,,410,367,43,13,6,12,13,17,13,11,2.7,-0.1,2.6,1.5,1.0
2019,ARI,5,10,1,4th of 4,,361,442,-81,16,21,28,32,18,23,29,-5.1,1.8,-3.2,-0.3,-2.9
2018,ARI,3,13,0,4th of 4,,225,425,-200,32,32,26,20,29,32,32,-12.5,1.0,-11.5,-9.6,-1.9
2017,ARI,8,8,0,3rd of 4,,295,361,-66,25,22,19,6,23,24,15,-4.1,0.4,-3.7,-4.0,0.2
2016,ARI,7,8,1,2nd of 4,,418,362,56,6,9,14,2,17,7,1,3.5,-1.9,1.6,2.4,-0.8
2015,ARI,13,3,0,1st of 4,Lost Conf,489,313,176,2,1,7,5,4,2,2,11.0,1.3,12.3,9.0,3.4
2014,ARI,11,5,0,2nd of 4,Lost WC,310,299,11,24,24,5,24,5,16,27,0.7,1.3,2.0,-2.4,4.4
2013,ARI,10,6,0,3rd of 4,,379,324,55,16,12,7,6,17,10,7,3.4,3.0,6.4,2.7,3.7
2012,ARI,5,11,0,4th of 4,,250,357,-107,31,32,17,12,17,27,31,-6.7,3.5,-3.2,-4.8,1.6
2021,ATL,7,10,0,3rd of 4,,313,459,-146,26,29,29,26,25,28,29,-8.6,0.1,-8.5,-4.2,-4.3
2020,ATL,4,12,0,4th of 4,,396,414,-18,16,18,19,29,13,18,25,-1.1,1.9,0.7,-0.1,0.8
2019,ATL,7,9,0,2nd of 4,,381,399,-18,13,5,23,20,24,19,12,-1.1,1.1,-0.1,0.3,-0.4
2018,ATL,7,9,0,2nd of 4,,414,423,-9,10,6,25,28,15,17,17,-0.6,0.4,-0.1,2.5,-2.6
2017,ATL,10,6,0,3rd of 4,Lost Div,353,315,38,15,8,8,9,19,11,7,2.4,1.9,4.3,1.1,3.2
2016,ATL,11,5,0,1st of 4,Lost SB,540,406,134,1,2,27,25,4,2,4,8.4,0.1,8.5,10.5,-2.0
2015,ATL,8,8,0,2nd of 4,,339,345,-6,21,7,14,16,27,15,10,-0.4,-3.4,-3.8,-4.0,0.3
2014,ATL,6,10,0,3rd of 4,,381,417,-36,12,8,27,32,11,24,23,-2.3,-1.6,-3.8,0.6,-4.4
2013,ATL,4,12,0,3rd of 4,,353,443,-90,20,14,27,27,24,25,26,-5.6,2.9,-2.8,1.2,-3.9
2012,ATL,13,3,0,1st of 4,Lost Conf,419,299,120,7,8,5,24,5,5,14,7.5,-1.1,6.4,2.0,4.5
2021,BAL,8,9,0,4th of 4,,387,392,-5,17,6,19,25,28,19,14,-0.3,0.0,-0.3,-0.3,0.0
2020,BAL,11,5,0,2nd of 4,Lost Div,468,303,165,7,19,2,7,10,1,10,10.3,-2.0,8.3,3.9,4.3
2019,BAL,14,2,0,1st of 4,Lost Div,531,282,249,1,2,3,4,6,1,1,15.6,0.1,15.6,11.0,4.7
2018,BAL,10,6,0,1st of 4,Lost WC,389,287,102,13,9,2,1,22,6,1,6.4,0.6,7.0,0.6,6.4
2017,BAL,9,7,0,2nd of 4,,395,303,92,9,27,6,12,1,8,21,5.8,-2.4,3.4,2.2,1.2
2016,BAL,8,8,0,2nd of 4,,343,321,22,21,17,9,7,9,13,8,1.4,0.2,1.5,-1.1,2.6
2015,BAL,5,11,0,3rd of 4,,328,401,-73,25,14,24,8,30,24,11,-4.6,2.6,-1.9,-0.7,-1.2
2014,BAL,10,6,0,3rd of 4,Lost Div,409,302,107,8,12,6,8,14,6,8,6.7,-2.1,4.6,1.8,2.8
2013,BAL,8,8,0,3rd of 4,,320,352,-32,25,29,12,12,22,20,23,-2.0,-1.5,-3.5,-5.0,1.4
2012,BAL,10,6,0,1st of 4,Won SB,398,344,54,10,16,12,17,8,11,15,3.4,-0.5,2.9,1.9,1.0
2021,BUF,11,6,0,1st of 4,Lost Div,483,289,194,3,5,1,1,7,1,1,11.4,-1.6,9.8,5.0,4.8
2020,BUF,13,3,0,1st of 4,Lost Conf,501,375,126,2,2,16,14,10,5,8,7.9,-0.2,7.7,7.1,0.6
2019,BUF,10,6,0,2nd of 4,Lost WC,314,259,55,23,24,2,3,10,10,9,3.4,-1.3,2.2,-3.5,5.7
2018,BUF,6,10,0,3rd of 4,,269,374,-105,30,30,18,2,23,28,18,-6.6,-0.3,-6.9,-6.3,-0.6
2017,BUF,9,7,0,2nd of 4,Lost WC,302,359,-57,22,29,18,26,7,21,29,-3.6,-0.5,-4.0,-3.0,-1.0
2016,BUF,7,9,0,3rd of 4,,399,378,21,10,16,16,19,7,14,20,1.3,-1.6,-0.3,1.8,-2.2
2015,BUF,8,8,0,3rd of 4,,379,359,20,12,13,15,19,8,13,14,1.3,-1.2,0.0,0.3,-0.2
2014,BUF,9,7,0,2nd of 4,,343,289,54,18,26,4,4,6,12,14,3.4,1.6,4.9,-0.4,5.3
2013,BUF,6,10,0,4th of 4,,339,388,-49,22,19,20,10,12,22,16,-3.1,-0.1,-3.2,-1.3,-1.9
2012,BUF,6,10,0,4th of 4,,344,435,-91,21,19,26,22,27,25,22,-5.7,-1.0,-6.7,-0.9,-5.8
2021,CAR,5,12,0,4th of 4,,304,404,-100,29,30,21,2,29,26,19,-5.9,0.4,-5.5,-5.0,-0.5
2020,CAR,5,11,0,3rd of 4,,350,402,-52,24,21,18,18,16,23,18,-3.3,2.2,-1.1,-2.4,1.3
2019,CAR,5,11,0,4th of 4,,340,470,-130,20,19,31,23,29,29,23,-8.1,1.1,-7.0,-1.9,-5.1
2018,CAR,7,9,0,3rd of 4,,376,382,-6,14,10,19,15,15,16,12,-0.4,1.3,0.9,0.1,0.8
2017,CAR,11,5,0,2nd of 4,Lost WC,363,327,36,12,19,11,7,16,12,14,2.3,2.1,4.3,1.7,2.7
2016,CAR,6,10,0,4th of 4,,369,402,-33,15,19,26,21,21,25,25,-2.1,1.1,-1.0,-0.2,-0.8
2015,CAR,15,1,0,1st of 4,Lost SB,500,308,192,1,11,6,6,1,1,5,12.0,-3.9,8.1,6.0,2.1
2014,CAR,7,8,1,1st of 4,Lost Div,339,374,-35,19,16,21,10,13,23,12,-2.2,-0.9,-3.1,-2.4,-0.7
2013,CAR,12,4,0,1st of 4,Lost Div,366,241,125,18,26,2,2,6,4,12,7.8,1.4,9.2,0.6,8.6
2012,CAR,7,9,0,2nd of 4,,357,363,-6,18,12,18,10,16,18,8,-0.4,1.2,0.8,-0.5,1.3
2021,CHI,6,11,0,3rd of 4,,311,407,-96,27,24,22,6,29,24,20,-5.6,0.5,-5.2,-4.9,-0.3
2020,CHI,8,8,0,2nd of 4,Lost WC,372,370,2,22,26,14,11,23,15,20,0.1,0.1,0.2,-2.2,2.4
2019,CHI,8,8,0,3rd of 4,,280,298,-18,29,29,4,8,15,19,21,-1.1,0.2,-0.9,-5.4,4.5
2018,CHI,12,4,0,1st of 4,Lost WC,421,283,138,9,21,1,3,3,4,5,8.6,-2.3,6.3,1.5,4.8
2017,CHI,5,11,0,4th of 4,,264,320,-56,29,30,9,10,15,20,26,-3.5,2.2,-1.3,-4.6,3.3
2016,CHI,3,13,0,4th of 4,,279,399,-120,28,15,24,15,31,28,12,-7.5,0.0,-7.5,-5.2,-2.3
2015,CHI,6,10,0,4th of 4,,335,397,-62,23,21,20,14,19,21,16,-3.9,2.6,-1.3,-0.1,-1.2
2014,CHI,5,11,0,4th of 4,,319,442,-123,23,21,31,30,22,27,28,-7.7,1.0,-6.7,-2.0,-4.7
2013,CHI,8,8,0,2nd of 4,,445,478,-33,2,8,30,30,11,21,19,-2.1,-2.1,-4.1,3.0,-7.1
2012,CHI,10,6,0,3rd of 4,,375,277,98,16,28,3,5,2,6,16,6.1,0.8,6.9,1.0,6.0
2021,CIN,10,7,0,1st of 4,Lost SB,460,376,84,7,13,17,18,16,8,16,4.9,-1.9,3.1,3.4,-0.3
2020,CIN,4,11,1,4th of 4,,311,424,-113,29,29,22,26,25,28,29,-7.1,-0.4,-7.5,-5.4,-2.1
2019,CIN,2,14,0,4th of 4,,279,420,-141,30,26,25,29,29,30,30,-8.8,1.5,-7.3,-4.4,-2.9
2018,CIN,6,10,0,4th of 4,,368,455,-87,17,26,30,32,15,26,31,-5.4,2.0,-3.4,0.0,-3.4
2017,CIN,7,9,0,3rd of 4,,290,349,-59,26,32,16,18,27,22,30,-3.7,-1.3,-5.0,-4.1,-0.9
2016,CIN,6,9,1,3rd of 4,,325,315,10,24,13,8,17,12,19,15,0.6,0.4,1.0,-1.5,2.5
2015,CIN,12,4,0,1st of 4,Lost WC,419,279,140,7,15,2,11,3,5,12,8.8,1.9,10.6,4.8,5.8
2014,CIN,10,5,1,2nd of 4,Lost WC,365,344,21,15,15,12,22,16,14,21,1.3,-0.6,0.7,-0.5,1.3
2013,CIN,11,5,0,1st of 4,Lost WC,430,305,125,6,10,5,3,13,4,4,7.8,-2.5,5.4,2.3,3.0
2012,CIN,10,6,0,2nd of 4,Lost WC,391,320,71,12,22,8,6,11,10,11,4.4,-2.4,2.1,1.2,0.9
2021,CLE,8,9,0,3rd of 4,,349,371,-22,20,18,13,5,20,20,10,-1.3,0.0,-1.3,-2.7,1.3
2020,CLE,11,5,0,3rd of 4,Lost Div,408,419,-11,14,16,21,17,9,16,14,-0.7,-1.9,-2.6,0.3,-2.8
2019,CLE,6,10,0,3rd of 4,,335,393,-58,22,22,20,22,26,22,19,-3.6,1.7,-1.9,-0.4,-1.5
2018,CLE,7,8,1,3rd of 4,,359,392,-33,20,13,21,30,8,20,26,-2.1,1.7,-0.3,-1.0,0.6
2017,CLE,0,16,0,4th of 4,,234,410,-176,32,24,31,14,32,32,20,-11.0,0.0,-11.0,-6.8,-4.1
2016,CLE,1,15,0,4th of 4,,264,452,-188,31,30,30,31,29,32,31,-11.8,1.7,-10.1,-5.2,-4.9
2015,CLE,3,13,0,4th of 4,,278,432,-154,30,25,29,27,28,32,28,-9.6,3.5,-6.1,-3.2,-2.9
2014,CLE,7,9,0,4th of 4,,299,337,-38,27,23,9,23,9,25,26,-2.4,-1.5,-3.9,-4.8,0.9
2013,CLE,4,12,0,4th of 4,,308,406,-98,27,18,23,9,25,27,15,-6.1,-1.6,-7.7,-4.8,-2.9
2012,CLE,5,11,0,4th of 4,,302,368,-66,24,25,19,23,12,24,29,-4.1,-1.2,-5.3,-4.6,-0.7
2021,DAL,12,5,0,1st of 4,Lost WC,530,358,172,1,1,7,19,1,2,4,10.1,-0.2,9.9,8.2,1.7
2020,DAL,6,10,0,3rd of 4,,395,473,-78,17,14,28,23,21,25,21,-4.9,-0.2,-5.1,1.0,-6.1
2019,DAL,8,8,0,2nd of 4,,434,321,113,6,1,11,9,18,6,2,7.1,-1.8,5.3,3.8,1.5
2018,DAL,10,6,0,1st of 4,Lost Div,339,324,15,22,22,6,7,12,14,15,0.9,0.2,1.1,-1.9,2.9
2017,DAL,9,7,0,2nd of 4,,354,332,22,14,14,13,8,16,15,11,1.4,0.2,1.6,0.4,1.2
2016,DAL,13,3,0,1st of 4,Lost Div,421,306,115,5,5,5,14,9,3,6,7.2,-0.2,7.0,4.1,2.9
2015,DAL,4,12,0,4th of 4,,275,374,-99,31,22,16,17,32,29,20,-6.2,-0.7,-6.9,-7.0,0.1
2014,DAL,12,4,0,1st of 4,Lost Div,467,352,115,5,7,15,19,9,5,7,7.2,-1.8,5.4,5.3,0.1
2013,DAL,8,8,0,2nd of 4,,439,432,7,5,16,26,32,9,15,31,0.4,-1.1,-0.7,2.7,-3.4
2012,DAL,8,8,0,3rd of 4,,376,400,-24,15,6,24,19,27,19,10,-1.5,1.8,0.3,1.4,-1.2
2021,DEN,7,10,0,4th of 4,,335,322,13,23,19,3,8,15,17,17,0.8,-1.3,-0.5,-4.7,4.2
2020,DEN,5,11,0,4th of 4,,323,446,-123,28,23,25,21,32,29,26,-7.7,1.7,-6.0,-4.3,-1.7
2019,DEN,7,9,0,2nd of 4,,282,316,-34,28,28,10,12,13,21,25,-2.1,0.0,-2.1,-4.8,2.7
2018,DEN,6,10,0,3rd of 4,,329,349,-20,24,19,13,22,8,18,23,-1.3,0.7,-0.5,-3.6,3.1
2017,DEN,5,11,0,4th of 4,,289,382,-93,27,17,22,3,31,27,8,-5.8,-0.9,-6.7,-3.9,-2.9
2016,DEN,9,7,0,3rd of 4,,333,297,36,22,27,4,4,13,9,14,2.3,1.8,4.0,-2.0,6.1
2015,DEN,12,4,0,1st of 4,Won SB,355,296,59,19,16,4,1,19,10,3,3.7,2.1,5.8,0.3,5.5
2014,DEN,12,4,0,1st of 4,Lost Div,482,354,128,2,4,16,3,11,4,2,8.0,1.6,9.6,9.2,0.4
2013,DEN,13,3,0,1st of 4,Lost SB,606,399,207,1,1,22,19,14,1,1,12.9,-1.6,11.4,14.1,-2.7
2012,DEN,13,3,0,1st of 4,Lost Div,481,289,192,2,4,4,2,17,2,1,12.0,-1.9,10.1,6.3,3.8
2021,DET,3,13,1,4th of 4,,325,467,-142,25,22,31,29,22,27,28,-8.4,0.6,-7.8,-3.5,-4.3
2020,DET,5,11,0,4th of 4,,377,519,-142,20,20,32,32,27,30,30,-8.9,1.2,-7.7,-1.0,-6.7
2019,DET,3,12,1,4th of 4,,341,423,-82,18,17,26,31,24,24,28,-5.1,-0.1,-5.2,-1.2,-4.0
2018,DET,6,10,0,4th of 4,,324,360,-36,25,24,16,10,23,21,21,-2.3,-0.8,-3.0,-3.3,0.3
2017,DET,9,7,0,2nd of 4,,410,376,34,7,13,21,27,5,13,19,2.1,0.6,2.7,5.2,-2.5
2016,DET,9,7,0,2nd of 4,Lost WC,346,358,-12,20,21,13,18,20,21,24,-0.8,-0.6,-1.4,-1.3,-0.1
2015,DET,7,9,0,3rd of 4,,358,400,-42,18,20,23,18,22,18,17,-2.6,2.4,-0.2,1.0,-1.3
2014,DET,11,5,0,2nd of 4,Lost WC,321,282,39,22,19,3,2,6,13,5,2.4,-0.4,2.1,-3.2,5.2
2013,DET,7,9,0,3rd of 4,,395,376,19,13,6,15,16,28,13,5,1.2,-2.8,-1.6,-1.2,-0.5
2012,DET,4,12,0,4th of 4,,372,437,-65,17,3,27,13,30,23,2,-4.1,1.8,-2.3,2.1,-4.4
2021,GB,13,4,0,1st of 4,Lost Div,450,371,79,10,10,13,9,3,10,7,4.6,-0.2,4.4,3.5,1.0
2020,GB,13,3,0,1st of 4,Lost Conf,509,369,140,1,5,13,9,7,3,6,8.8,-1.1,7.7,5.9,1.8
2019,GB,13,3,0,1st of 4,Lost Conf,376,313,63,15,18,9,18,3,9,16,3.9,-0.7,3.2,0.6,2.6
2018,GB,6,9,1,3rd of 4,,376,400,-24,14,12,22,18,19,19,14,-1.5,-1.2,-2.7,0.0,-2.7
2017,GB,7,9,0,3rd of 4,,320,384,-64,21,26,26,22,20,23,27,-4.0,2.1,-1.9,-0.3,-1.6
2016,GB,10,6,0,1st of 4,Lost Conf,432,388,44,4,8,21,22,6,8,16,2.8,0.1,2.8,4.9,-2.0
2015,GB,10,6,0,2nd of 4,Lost Div,368,323,45,15,23,12,15,10,11,19,2.8,2.5,5.3,2.0,3.3
2014,GB,12,4,0,1st of 4,Lost Conf,486,348,138,1,6,13,15,1,3,6,8.6,-0.3,8.3,7.9,0.4
2013,GB,8,7,1,1st of 4,Lost WC,417,428,-11,8,3,24,25,19,16,8,-0.7,-2.4,-3.1,0.5,-3.6
2012,GB,11,5,0,1st of 4,Lost Div,433,336,97,5,13,11,11,10,7,9,6.1,1.2,7.3,4.9,2.4
2021,HOU,4,13,0,3rd of 4,,280,452,-172,30,32,27,31,12,30,32,-10.1,0.4,-9.7,-6.3,-3.4
2020,HOU,4,12,0,3rd of 4,,384,464,-80,18,13,27,30,27,26,27,-5.0,-0.5,-5.5,-1.4,-4.1
2019,HOU,10,6,0,1st of 4,Lost Div,378,385,-7,14,13,19,28,15,15,20,-0.4,1.0,0.5,1.0,-0.5
2018,HOU,11,5,0,1st of 4,Lost WC,402,316,86,11,15,4,12,2,9,13,5.4,-1.5,3.8,2.4,1.4
2017,HOU,4,12,0,3rd of 4,,338,436,-98,17,20,32,20,28,28,24,-6.1,-0.3,-6.4,-0.8,-5.6
2016,HOU,9,7,0,1st of 4,Lost Div,279,328,-49,28,29,11,1,26,26,10,-3.1,0.4,-2.6,-5.3,2.7
2015,HOU,9,7,0,1st of 4,Lost WC,339,313,26,21,19,7,3,10,12,6,1.6,-2.4,-0.8,-3.3,2.6
2014,HOU,9,7,0,2nd of 4,,372,307,65,14,17,7,16,2,11,19,4.1,-2.3,1.7,-0.8,2.5
2013,HOU,2,14,0,4th of 4,,276,428,-152,31,11,24,7,32,31,6,-9.5,1.9,-7.6,-5.0,-2.6
2012,HOU,12,4,0,1st of 4,Lost Div,416,331,85,8,7,9,7,7,8,6,5.3,-1.8,3.5,1.8,1.7
2021,IND,9,8,0,2nd of 4,,451,365,86,9,16,9,16,1,7,18,5.1,-0.6,4.4,3.3,1.1
2020,IND,11,5,0,2nd of 4,Lost WC,451,362,89,9,10,10,8,2,8,7,5.6,-2.8,2.8,1.2,1.6
2019,IND,7,9,0,3rd of 4,,361,373,-12,16,25,18,16,12,17,18,-0.8,-1.1,-1.8,-1.0,-0.8
2018,IND,10,6,0,2nd of 4,Lost Div,433,344,89,5,7,10,11,13,8,4,5.6,-2.2,3.4,3.9,-0.6
2017,IND,4,12,0,3rd of 4,,263,404,-141,30,31,30,30,12,30,32,-8.8,-1.3,-10.1,-6.1,-4.0
2016,IND,8,8,0,3rd of 4,,411,392,19,8,10,22,30,24,16,26,1.2,-0.8,0.4,3.1,-2.7
2015,IND,8,8,0,2nd of 4,,333,408,-75,24,28,25,26,22,25,30,-4.7,-2.0,-6.7,-3.1,-3.6
2014,IND,11,5,0,1st of 4,Lost Conf,458,369,89,6,3,19,11,22,7,3,5.6,-1.1,4.4,5.2,-0.8
2013,IND,11,5,0,1st of 4,Lost Div,391,336,55,14,15,9,20,3,10,20,3.4,0.6,4.0,1.7,2.3
2012,IND,11,5,0,2nd of 4,Lost WC,357,387,-30,18,10,21,26,26,21,18,-1.9,-2.8,-4.7,-1.9,-2.8
2021,JAX,3,14,0,4th of 4,,253,457,-204,32,27,28,20,32,32,26,-12.0,0.6,-11.4,-7.7,-3.7
2020,JAX,1,15,0,4th of 4,,306,492,-186,30,28,31,31,26,31,31,-11.6,-0.1,-11.7,-6.5,-5.3
2019,JAX,6,10,0,4th of 4,,300,397,-97,26,20,21,24,18,26,24,-6.1,-0.6,-6.7,-4.6,-2.1
2018,JAX,5,11,0,4th of 4,,245,316,-71,31,27,4,5,29,24,22,-4.4,0.4,-4.0,-8.1,4.0
2017,JAX,10,6,0,1st of 4,Lost Conf,417,268,149,5,6,2,2,5,3,2,9.3,-2.8,6.5,3.0,3.6
2016,JAX,3,13,0,4th of 4,,318,400,-82,25,23,25,6,30,27,11,-5.1,0.2,-5.0,-2.7,-2.3
2015,JAX,5,11,0,3rd of 4,,376,448,-72,14,18,31,24,29,23,22,-4.5,-3.0,-7.5,-0.7,-6.9
2014,JAX,3,13,0,3rd of 4,,249,412,-163,32,31,26,26,25,30,32,-10.2,-0.3,-10.5,-7.8,-2.7
2013,JAX,4,12,0,3rd of 4,,247,449,-202,32,31,28,27,23,32,32,-12.6,1.5,-11.1,-7.1,-4.0
2012,JAX,2,14,0,4th of 4,,255,444,-189,30,29,29,30,21,31,32,-11.8,-1.1,-13.0,-8.1,-4.9
2021,KC,12,5,0,1st of 4,Lost Conf,480,364,116,4,3,8,27,11,5,11,6.8,0.6,7.4,5.4,2.0
2020,KC,14,2,0,1st of 4,Lost SB,473,362,111,6,1,10,16,8,6,3,6.9,-0.1,6.8,4.5,2.3
2019,KC,12,4,0,1st of 4,Won SB,451,308,143,5,6,7,17,7,4,10,8.9,0.2,9.1,6.2,2.9
2018,KC,12,4,0,1st of 4,Lost Conf,565,421,144,1,1,24,31,6,2,11,9.0,-0.1,8.9,12.6,-3.8
2017,KC,10,6,0,1st of 4,Lost WC,415,339,76,6,5,15,28,2,10,12,4.8,-1.3,3.4,3.8,-0.3
2016,KC,12,4,0,1st of 4,Lost Div,389,311,78,13,20,7,24,1,4,28,4.9,0.7,5.6,1.2,4.4
2015,KC,11,5,0,2nd of 4,Lost Div,405,287,118,9,27,3,7,2,6,15,7.4,1.6,9.0,3.7,5.3
2014,KC,9,7,0,2nd of 4,,353,281,72,16,25,2,7,21,9,22,4.5,1.2,5.7,0.0,5.7
2013,KC,11,5,0,2nd of 4,Lost WC,430,305,125,6,21,5,24,2,4,25,7.8,-1.7,6.1,1.7,4.3
2012,KC,2,14,0,4th of 4,,211,425,-214,32,24,25,20,31,32,27,-13.4,-0.6,-14.0,-10.3,-3.7
2021,OAK,10,7,0,2nd of 4,Lost WC,374,439,-65,18,11,26,14,27,23,13,-3.8,0.6,-3.3,-0.7,-2.6
2020,OAK,8,8,0,2nd of 4,,434,478,-44,10,8,30,25,30,21,17,-2.8,0.8,-2.0,2.9,-4.9
2019,OAK,7,9,0,3rd of 4,,313,419,-106,24,11,24,19,21,27,14,-6.6,-0.3,-6.9,-2.5,-4.4
2018,OAK,4,12,0,4th of 4,,290,467,-177,28,23,32,26,26,31,27,-11.1,1.8,-9.3,-5.2,-4.1
2017,OAK,6,10,0,3rd of 4,,301,373,-72,23,17,20,23,29,25,23,-4.5,-0.2,-4.7,-3.0,-1.8
2016,OAK,12,4,0,2nd of 4,Lost WC,416,385,31,7,6,20,26,1,11,19,1.9,1.3,3.3,3.5,-0.3
2015,OAK,7,9,0,3rd of 4,,359,399,-40,17,24,22,22,17,17,24,-2.5,2.3,-0.2,1.4,-1.6
2014,OAK,3,13,0,4th of 4,,253,452,-199,31,32,32,21,32,32,30,-12.4,3.4,-9.0,-4.3,-4.7
2013,OAK,4,12,0,4th of 4,,322,453,-131,24,23,29,22,27,29,24,-8.2,0.2,-8.0,-3.8,-4.2
2012,OAK,4,12,0,3rd of 4,,290,443,-153,26,18,28,18,23,29,17,-9.6,-1.3,-10.8,-4.6,-6.2
2021,LAC,9,8,0,3rd of 4,,474,459,15,5,4,29,23,19,16,9,0.9,0.2,1.1,5.3,-4.2
2020,LAC,7,9,0,3rd of 4,,384,426,-42,18,9,23,10,13,20,9,-2.6,-0.3,-2.9,-1.0,-2.0
2019,LAC,5,11,0,4th of 4,,337,345,-8,21,10,14,6,31,16,5,-0.5,-0.8,-1.3,-1.6,0.3
2018,LAC,12,4,0,2nd of 4,Lost Div,428,329,99,6,11,8,9,15,7,6,6.2,-0.2,6.0,3.0,2.9
2017,LAC,9,7,0,2nd of 4,,355,272,83,13,4,3,15,3,9,6,5.2,-1.5,3.6,-0.3,4.0
2016,LAC,5,11,0,4th of 4,,410,423,-13,9,14,29,16,26,22,13,-0.8,0.9,0.1,3.0,-3.0
2015,LAC,4,12,0,4th of 4,,320,398,-78,26,9,21,20,19,27,13,-4.9,2.2,-2.6,-1.5,-1.1
2014,LAC,9,7,0,2nd of 4,,348,348,0,17,18,13,9,22,17,16,0.0,1.9,1.9,0.7,1.2
2013,LAC,9,7,0,3rd of 4,Lost Div,396,348,48,12,5,11,23,20,12,9,3.0,-0.3,2.7,0.5,2.1
2012,LAC,7,9,0,2nd of 4,,350,350,0,20,31,16,9,14,16,25,0.0,-2.3,-2.3,-2.0,-0.4
2021,LAR,12,5,0,1st of 4,Won SB,460,372,88,7,9,15,17,13,6,12,5.2,0.1,5.3,4.2,1.1
2020,LAR,10,6,0,2nd of 4,Lost Div,372,296,76,22,11,1,1,21,10,1,4.8,0.7,5.4,-0.8,6.2
2019,LAR,9,7,0,3rd of 4,,394,364,30,11,7,17,13,15,12,8,1.9,2.0,3.9,2.2,1.7
2018,LAR,13,3,0,1st of 4,Lost SB,527,384,143,2,2,20,19,4,3,3,8.9,-0.4,8.5,9.5,-1.1
2017,LAR,11,5,0,1st of 4,Lost WC,478,329,149,1,10,12,19,9,3,10,9.3,-0.2,9.2,8.2,1.0
2016,LAR,4,12,0,3rd of 4,,224,394,-170,32,32,23,9,28,30,30,-10.6,-0.5,-11.1,-9.5,-1.6
2015,LAR,7,9,0,3rd of 4,,280,330,-50,29,32,13,23,14,19,31,-3.1,3.0,-0.2,-3.8,3.6
2014,LAR,6,10,0,4th of 4,,324,354,-30,21,28,16,17,19,21,25,-1.9,1.0,-0.8,-1.2,0.4
2013,LAR,7,9,0,4th of 4,,348,364,-16,21,30,13,15,9,17,27,-1.0,3.2,2.2,0.4,1.8
2012,LAR,7,8,1,3rd of 4,,299,348,-49,25,23,14,14,17,22,20,-3.1,3.4,0.4,-2.1,2.4
2021,MIA,9,8,0,3rd of 4,,341,373,-32,22,25,16,15,16,21,23,-1.9,-0.8,-2.7,-3.1,0.3
2020,MIA,10,6,0,2nd of 4,,404,338,66,15,22,6,20,3,11,24,4.1,-1.2,3.0,0.3,2.7
2019,MIA,5,11,0,4th of 4,,306,494,-188,25,27,32,30,27,32,31,-11.8,0.2,-11.6,-2.4,-9.1
2018,MIA,7,9,0,2nd of 4,,319,433,-114,26,31,27,29,11,30,30,-7.1,-1.7,-8.8,-3.6,-5.2
2017,MIA,6,10,0,3rd of 4,,281,393,-112,28,25,29,16,29,29,25,-7.0,0.7,-6.3,-3.9,-2.4
2016,MIA,10,6,0,2nd of 4,Lost WC,363,380,-17,17,24,18,29,13,24,29,-1.1,-1.3,-2.4,-0.6,-1.8
2015,MIA,6,10,0,4th of 4,,310,389,-79,27,26,19,25,18,28,27,-4.9,-1.9,-6.8,-4.7,-2.2
2014,MIA,8,8,0,3rd of 4,,388,373,15,11,14,20,12,14,15,13,0.9,1.6,2.6,2.9,-0.4
2013,MIA,8,8,0,3rd of 4,,317,335,-18,26,27,8,21,18,18,28,-1.1,0.3,-0.8,-2.9,2.1
2012,MIA,7,9,0,2nd of 4,,288,317,-29,27,27,7,21,24,20,28,-1.8,-0.8,-2.6,-5.5,2.9
2021,MIN,8,9,0,2nd of 4,,425,426,-1,14,12,24,30,5,18,22,-0.1,0.3,0.3,1.9,-1.6
2020,MIN,7,9,0,3rd of 4,,430,475,-45,11,4,29,27,20,22,15,-2.8,0.4,-2.4,1.3,-3.8
2019,MIN,10,6,0,2nd of 4,Lost Div,407,303,104,8,16,5,14,5,7,13,6.5,-1.1,5.4,2.5,2.9
2018,MIN,8,7,1,2nd of 4,,360,341,19,19,20,9,4,19,12,7,1.2,-0.6,0.6,-1.2,1.8
2017,MIN,13,3,0,1st of 4,Lost Conf,382,252,130,10,11,1,1,12,5,1,8.1,1.0,9.1,2.3,6.8
2016,MIN,8,8,0,3rd of 4,,327,307,20,23,28,6,3,4,15,18,1.3,-0.3,0.9,-2.6,3.6
2015,MIN,11,5,0,1st of 4,Lost WC,365,302,63,16,29,5,13,10,9,21,3.9,1.9,5.8,1.1,4.7
2014,MIN,7,9,0,3rd of 4,,325,343,-18,20,27,11,14,18,18,24,-1.1,-0.5,-1.7,-2.8,1.1
2013,MIN,5,10,1,4th of 4,,391,480,-89,14,13,32,31,28,23,29,-5.6,-1.1,-6.6,0.2,-6.9
2012,MIN,10,6,0,2nd of 4,Lost WC,379,348,31,14,20,14,16,17,13,19,1.9,1.4,3.4,1.6,1.8
2021,NE,10,7,0,2nd of 4,Lost WC,462,303,159,6,15,2,4,8,3,6,9.4,-0.9,8.5,3.6,4.8
2020,NE,7,9,0,3rd of 4,,326,353,-27,27,27,7,15,13,19,22,-1.7,0.7,-1.0,-4.2,3.2
2019,NE,12,4,0,1st of 4,Lost WC,420,225,195,7,15,1,1,1,2,4,12.2,-1.8,10.4,2.8,7.6
2018,NE,11,5,0,1st of 4,Won SB,436,325,111,4,5,7,21,5,5,8,6.9,-1.8,5.2,3.1,2.1
2017,NE,13,3,0,1st of 4,Lost SB,458,296,162,2,1,5,29,11,1,9,10.1,-1.2,8.9,6.3,2.6
2016,NE,14,2,0,1st of 4,Won SB,441,250,191,3,4,1,8,3,1,2,11.9,-2.7,9.3,4.3,5.0
2015,NE,12,4,0,1st of 4,Lost Conf,465,315,150,3,6,10,9,5,3,8,9.4,-2.4,7.0,5.3,1.7
2014,NE,12,4,0,1st of 4,Won SB,468,313,155,4,11,8,13,2,1,10,9.7,1.3,10.9,7.5,3.5
2013,NE,12,4,0,1st of 4,Lost Conf,444,338,106,3,7,10,26,8,8,13,6.6,-0.7,5.9,4.5,1.4
2012,NE,12,4,0,1st of 4,Lost Conf,557,331,226,1,1,9,25,1,1,5,14.1,-1.4,12.8,12.2,0.5
2021,NO,9,8,0,2nd of 4,,364,335,29,19,28,4,7,8,14,21,1.7,0.3,2.0,-1.5,3.6
2020,NO,12,4,0,1st of 4,Lost Div,482,337,145,5,12,5,4,3,2,2,9.1,0.5,9.6,5.1,4.5
2019,NO,13,3,0,1st of 4,Lost WC,458,341,117,3,9,13,11,2,5,7,7.3,0.0,7.4,5.0,2.3
2018,NO,13,3,0,1st of 4,Lost Conf,504,353,151,3,8,14,14,7,1,10,9.4,0.6,10.1,7.9,2.2
2017,NO,11,5,0,1st of 4,Lost Div,448,326,122,4,2,10,17,9,6,5,7.6,1.5,9.2,7.0,2.2
2016,NO,7,9,0,3rd of 4,,469,454,15,2,1,31,27,23,17,3,0.9,0.6,1.5,6.8,-5.3
2015,NO,7,9,0,3rd of 4,,408,476,-68,8,2,32,31,15,22,18,-4.3,-2.3,-6.6,1.1,-7.6
2014,NO,7,9,0,2nd of 4,,401,424,-23,9,1,28,31,31,20,9,-1.4,-1.5,-2.9,1.9,-4.8
2013,NO,11,5,0,2nd of 4,Lost Div,414,304,110,10,4,4,4,14,7,2,6.9,1.9,8.8,3.8,5.0
2012,NO,7,9,0,3rd of 4,,461,454,7,3,2,31,32,14,15,26,0.4,1.0,1.4,6.5,-5.1
2021,NYG,4,13,0,4th of 4,,258,416,-158,31,31,23,21,26,29,30,-9.3,1.0,-8.3,-7.7,-0.6
2020,NYG,6,10,0,2nd of 4,,280,357,-77,31,31,9,12,17,24,28,-4.8,0.4,-4.4,-6.7,2.3
2019,NYG,4,12,0,3rd of 4,,341,451,-110,18,23,30,25,31,28,26,-6.9,-1.0,-7.9,-1.8,-6.1
2018,NYG,5,11,0,4th of 4,,369,412,-43,16,17,23,24,13,22,24,-2.7,0.5,-2.2,0.8,-2.9
2017,NYG,3,13,0,4th of 4,,246,388,-142,31,21,27,31,20,31,31,-8.9,1.3,-7.6,-6.4,-1.2
2016,NYG,11,5,0,2nd of 4,Lost WC,310,284,26,26,25,2,10,21,12,22,1.6,0.5,2.1,-3.2,5.4
2015,NYG,6,10,0,3rd of 4,,420,442,-22,6,8,30,32,5,16,29,-1.4,-2.2,-3.6,2.5,-6.1
2014,NYG,6,10,0,3rd of 4,,380,400,-20,13,10,22,29,19,19,20,-1.3,-0.4,-1.7,0.8,-2.5
2013,NYG,7,9,0,3rd of 4,,294,383,-89,28,28,18,8,31,23,22,-5.6,0.2,-5.4,-6.2,0.8
2012,NYG,9,7,0,2nd of 4,,429,344,85,6,14,12,31,4,8,24,5.3,0.9,6.2,4.0,2.2
2021,NYJ,4,13,0,4th of 4,,310,504,-194,28,26,32,32,29,31,31,-11.4,1.0,-10.4,-3.6,-6.7
2020,NYJ,2,14,0,4th of 4,,243,457,-214,32,32,26,24,17,32,32,-13.4,1.9,-11.5,-8.7,-2.8
2019,NYJ,7,9,0,3rd of 4,,276,359,-83,31,32,16,7,23,25,27,-5.2,-1.1,-6.3,-5.7,-0.6
2018,NYJ,4,12,0,4th of 4,,333,441,-108,23,29,29,25,27,29,29,-6.8,-1.1,-7.8,-2.0,-5.9
2017,NYJ,5,11,0,4th of 4,,298,382,-84,24,28,22,25,23,26,28,-5.3,0.3,-4.9,-2.9,-2.1
2016,NYJ,5,11,0,4th of 4,,275,409,-134,30,26,28,11,31,29,23,-8.4,-0.1,-8.5,-5.5,-3.0
2015,NYJ,10,6,0,2nd of 4,,387,314,73,11,10,9,4,8,8,4,4.6,-3.0,1.5,-0.5,2.0
2014,NYJ,4,12,0,4th of 4,,283,401,-118,28,22,24,6,29,26,18,-7.4,2.3,-5.0,-4.0,-1.0
2013,NYJ,8,8,0,2nd of 4,,290,387,-97,29,25,19,11,30,26,21,-6.1,0.0,-6.1,-4.7,-1.4
2012,NYJ,6,10,0,3rd of 4,,281,375,-94,28,30,20,8,29,26,23,-5.9,0.0,-5.9,-5.1,-0.9
2021,PHI,9,8,0,2nd of 4,Lost WC,444,385,59,12,14,18,10,16,13,8,3.5,-1.0,2.5,2.6,-0.1
2020,PHI,4,11,1,4th of 4,,334,418,-84,26,24,20,19,29,27,23,-5.3,0.8,-4.4,-2.8,-1.6
2019,PHI,9,7,0,1st of 4,Lost WC,385,354,31,12,14,15,10,22,11,11,1.9,-1.7,0.3,0.7,-0.4
2018,PHI,9,7,0,2nd of 4,Lost Div,367,348,19,18,14,12,23,25,12,20,1.2,0.5,1.7,0.0,1.8
2017,PHI,13,3,0,1st of 4,Won SB,457,295,162,3,7,4,4,4,1,4,10.1,-0.7,9.4,7.0,2.5
2016,PHI,7,9,0,4th of 4,,367,331,36,16,22,12,13,7,9,21,2.3,1.6,3.8,1.3,2.5
2015,PHI,7,9,0,2nd of 4,,377,430,-53,13,12,28,30,22,20,26,-3.3,-1.3,-4.6,-0.6,-4.0
2014,PHI,10,6,0,2nd of 4,,474,400,74,3,5,22,28,26,8,11,4.6,-0.7,3.9,6.6,-2.7
2013,PHI,10,6,0,1st of 4,Lost WC,442,382,60,4,2,17,29,4,9,10,3.8,-1.9,1.9,2.3,-0.5
2012,PHI,4,12,0,4th of 4,,280,444,-164,29,15,29,15,31,30,12,-10.3,1.4,-8.9,-5.3,-3.6
2021,PIT,9,7,1,2nd of 4,Lost WC,343,398,-55,21,23,20,24,13,22,25,-3.2,0.8,-2.5,-2.6,0.1
2020,PIT,12,4,0,1st of 4,Lost WC,416,312,104,12,24,3,3,3,7,12,6.5,-1.8,4.7,0.3,4.4
2019,PIT,8,8,0,2nd of 4,,289,303,-14,27,30,5,5,7,18,22,-0.9,1.2,0.3,-4.3,4.6
2018,PIT,9,6,1,2nd of 4,,428,360,68,6,4,16,6,28,11,2,4.3,1.3,5.6,3.9,1.7
2017,PIT,13,3,0,1st of 4,Lost Div,406,308,98,8,3,7,5,14,7,3,6.1,-1.1,5.0,3.2,1.8
2016,PIT,11,5,0,1st of 4,Lost Conf,399,327,72,10,7,10,12,9,5,7,4.5,0.2,4.7,2.8,2.0
2015,PIT,10,6,0,2nd of 4,Lost Div,423,319,104,4,3,11,21,15,7,9,6.5,2.2,8.7,5.1,3.6
2014,PIT,11,5,0,1st of 4,Lost WC,436,368,68,7,2,18,18,16,10,4,4.3,-2.0,2.2,4.4,-2.1
2013,PIT,8,8,0,2nd of 4,,379,370,9,16,20,14,13,20,14,17,0.6,-2.5,-2.0,-0.9,-1.0
2012,PIT,8,8,0,3rd of 4,,336,314,22,22,21,6,1,24,14,4,1.4,-2.0,-0.7,-2.8,2.1
2021,SF,10,7,0,3rd of 4,Lost Conf,427,365,62,13,7,9,3,22,12,3,3.6,0.1,3.8,1.8,1.9
2020,SF,6,10,0,4th of 4,,376,390,-14,21,15,17,5,30,17,5,-0.9,1.7,0.8,0.2,0.7
2019,SF,13,3,0,1st of 4,Lost SB,479,310,169,2,4,8,2,10,3,3,10.6,0.4,11.0,6.7,4.3
2018,SF,4,12,0,3rd of 4,,342,435,-93,21,16,28,13,32,27,16,-5.8,0.3,-5.5,-2.5,-3.1
2017,SF,6,10,0,4th of 4,,331,383,-52,20,12,25,24,20,19,16,-3.3,0.4,-2.9,-0.8,-2.1
2016,SF,2,14,0,4th of 4,,309,480,-171,27,31,32,32,24,31,32,-10.7,-0.5,-11.2,-3.7,-7.5
2015,SF,5,11,0,4th of 4,,238,387,-149,32,31,18,29,22,31,32,-9.3,3.8,-5.5,-6.0,0.5
2014,SF,8,8,0,3rd of 4,,306,340,-34,25,20,10,5,6,22,15,-2.1,1.2,-1.0,-3.0,2.1
2013,SF,12,4,0,2nd of 4,Lost Conf,406,272,134,11,24,3,5,4,3,14,8.4,1.8,10.1,3.5,6.6
2012,SF,11,4,1,1st of 4,Lost SB,397,273,124,11,11,2,3,8,4,3,7.8,2.5,10.2,3.5,6.7
2021,SEA,7,10,0,4th of 4,,395,366,29,16,20,11,28,10,14,27,1.7,0.2,1.9,0.4,1.5
2020,SEA,12,4,0,1st of 4,Lost WC,459,371,88,8,17,15,22,10,9,19,5.5,0.0,5.5,4.8,0.7
2019,SEA,11,5,0,2nd of 4,Lost Div,405,398,7,9,8,22,26,3,14,17,0.4,2.3,2.7,2.9,-0.2
2018,SEA,10,6,0,2nd of 4,Lost WC,428,347,81,6,18,11,16,1,10,19,5.1,-0.6,4.5,3.0,1.5
2017,SEA,9,7,0,2nd of 4,,366,332,34,11,15,13,11,8,13,13,2.1,-0.2,1.9,0.7,1.2
2016,SEA,10,5,1,1st of 4,Lost Div,354,292,62,18,12,3,5,16,6,5,3.9,-1.7,2.1,-2.4,4.5
2015,SEA,10,6,0,2nd of 4,Lost Div,423,277,146,4,4,1,2,5,4,1,9.1,2.2,11.3,5.4,6.0
2014,SEA,12,4,0,1st of 4,Lost SB,394,254,140,10,9,1,1,4,2,1,8.8,0.8,9.5,2.4,7.1
2013,SEA,13,3,0,1st of 4,Won SB,417,231,186,8,17,1,1,1,2,3,11.6,1.4,13.0,4.1,8.9
2012,SEA,11,5,0,2nd of 4,Lost Div,412,245,167,9,17,1,4,5,3,7,10.4,1.8,12.2,4.5,7.7
2021,TB,13,4,0,1st of 4,Lost Div,511,353,158,2,2,5,13,6,4,2,9.3,-0.7,8.6,7.3,1.3
2020,TB,11,5,0,2nd of 4,Won SB,492,355,137,3,7,8,6,6,4,4,8.6,0.8,9.4,6.5,2.8
2019,TB,7,9,0,3rd of 4,,458,449,9,3,3,29,15,28,13,6,0.6,-0.2,0.4,4.9,-4.5
2018,TB,5,11,0,4th of 4,,396,464,-68,12,3,31,27,31,23,9,-4.3,1.7,-2.6,2.0,-4.6
2017,TB,5,11,0,4th of 4,,335,382,-47,18,9,22,32,16,18,18,-2.9,1.7,-1.3,0.4,-1.7
2016,TB,9,7,0,2nd of 4,,354,369,-15,18,18,15,23,13,23,27,-0.9,0.7,-0.2,-1.5,1.3
2015,TB,6,10,0,4th of 4,,342,417,-75,20,5,26,10,22,25,7,-4.7,-3.0,-7.7,-3.5,-4.2
2014,TB,2,14,0,4th of 4,,277,410,-133,29,30,25,25,26,28,31,-8.3,-1.5,-9.8,-6.5,-3.3
2013,TB,4,12,0,4th of 4,,288,389,-101,30,32,21,17,7,28,30,-6.3,3.6,-2.7,-2.9,0.3
2012,TB,7,9,0,4th of 4,,389,394,-5,13,9,23,29,12,17,21,-0.3,0.3,0.0,1.3,-1.3
2021,TEN,12,5,0,1st of 4,Lost Div,419,354,65,15,17,6,12,20,11,15,3.8,-0.4,3.4,1.8,1.6
2020,TEN,11,5,0,1st of 4,Lost WC,491,439,52,4,2,24,28,1,12,16,3.3,-1.7,1.6,4.7,-3.1
2019,TEN,9,7,0,2nd of 4,Lost Conf,402,331,71,10,12,12,21,9,8,15,4.4,-1.0,3.4,1.8,1.7
2018,TEN,9,7,0,3rd of 4,,310,303,7,27,25,3,8,21,15,25,0.4,-0.2,0.2,-3.2,3.5
2017,TEN,9,7,0,2nd of 4,Lost Div,334,356,-22,19,23,17,13,23,16,17,-1.4,-2.1,-3.5,-2.0,-1.5
2016,TEN,9,7,0,2nd of 4,,381,378,3,14,11,16,20,17,20,17,0.2,-1.2,-1.0,0.7,-1.7
2015,TEN,3,13,0,4th of 4,,299,423,-124,28,30,27,12,30,30,25,-7.8,-2.8,-10.5,-5.9,-4.6
2014,TEN,2,14,0,4th of 4,,254,438,-184,30,29,29,27,28,31,29,-11.5,-0.3,-11.8,-7.0,-4.9
2013,TEN,7,9,0,2nd of 4,,362,381,-19,19,22,16,14,14,19,18,-1.2,0.4,-0.8,-0.2,-0.6
2012,TEN,6,10,0,3rd of 4,,330,471,-141,23,26,32,27,22,28,30,-8.8,-1.2,-10.0,-2.6,-7.4
2021,WSH,7,10,0,3rd of 4,,335,434,-99,23,21,25,22,24,25,24,-5.8,1.6,-4.2,-2.7,-1.5
2020,WSH,7,9,0,1st of 4,Lost WC,335,329,6,25,30,4,2,23,14,13,0.4,-1.2,-0.8,-4.1,3.2
2019,WSH,3,13,0,4th of 4,,266,435,-169,32,31,27,27,13,31,32,-10.6,-0.2,-10.8,-6.3,-4.5
2018,WSH,7,9,0,3rd of 4,,281,359,-78,29,28,15,17,8,25,28,-4.9,-0.1,-4.9,-5.6,0.6
2017,WSH,7,9,0,3rd of 4,,342,388,-46,16,16,27,21,23,17,22,-2.9,1.6,-1.3,0.5,-1.8
2016,WSH,8,7,1,3rd of 4,,396,383,13,12,3,19,28,17,18,9,0.8,1.2,2.0,3.3,-1.3
2015,WSH,9,7,0,1st of 4,Lost WC,388,379,9,10,17,17,28,10,14,23,0.6,-2.5,-1.9,-0.2,-1.8
2014,WSH,4,12,0,4th of 4,,301,438,-137,26,13,29,20,30,29,17,-8.6,-0.2,-8.7,-4.0,-4.7
2013,WSH,3,13,0,4th of 4,,334,478,-144,23,9,30,18,25,30,11,-9.0,-0.3,-9.3,-3.9,-5.4
2012,WSH,10,6,0,1st of 4,Lost WC,436,388,48,4,5,22,28,3,12,13,3.0,0.4,3.4,4.6,-1.2
